Week of,Cushing OK WTI Spot Price FOB $/bbl,Europe Brent Spot Price FOB $/bbl
05/10/2024,80.26,82.95
05/3/2024,81.74,85.73
04/26/2024,84.48,88.53
04/19/2024,84.65,89.59
04/12/2024,86.5,92.01
04/5/2024,86.35,90.34
03/29/2024,82.73,85.8
03/22/2024,82.79,85.88
03/15/2024,80.43,84.52
03/8/2024,79.53,85.63
03/1/2024,79.58,84.26
02/23/2024,78.71,85.02
02/16/2024,78.17,84.44
02/9/2024,75.05,81.51
02/2/2024,75.78,82.57
01/26/2024,76.36,82.31
01/19/2024,73.36,80.11
01/12/2024,72.03,78.4
01/5/2024,72.49,76.88
12/29/2023,73.52,79.23
12/22/2023,73.23,80.15
12/15/2023,70.11,75.58
12/8/2023,70.71,75.98
12/1/2023,75.49,80.91
11/24/2023,77.02,81.62
11/17/2023,76.98,81.93
11/10/2023,77.92,83.52
11/3/2023,81.99,88.21
10/27/2023,85.2,89.84
10/20/2023,88.03,92.47
10/13/2023,85.03,90.48
10/6/2023,85.5,90.33
09/29/2023,91.44,95.61
09/22/2023,90.28,94.86
09/15/2023,89.14,93.87
09/8/2023,87.17,91.29
09/1/2023,82.5,87.57
08/25/2023,79.97,84.71
08/18/2023,80.93,85.87
08/11/2023,83.04,87.83
08/4/2023,81.4,85.63
07/28/2023,79.68,83.55
07/21/2023,75.61,79.48
07/14/2023,75.2,79.79
07/7/2023,71.79,76.6
06/30/2023,69.36,73.55
06/23/2023,70.41,75.26
06/16/2023,69.42,74.39
06/9/2023,71.56,76.06
06/2/2023,69.85,73.89
05/26/2023,72.62,76.48
05/19/2023,71.62,75.75
05/12/2023,72.03,76.08
05/5/2023,71.16,74.62
04/28/2023,76.31,81.4
04/21/2023,79.22,84.62
04/14/2023,81.87,87.36
04/7/2023,80.62,85.99
03/31/2023,73.79,78
03/24/2023,69.33,74.24
03/17/2023,69.6,74.98
03/10/2023,77.31,82.86
03/3/2023,77.54,83.6
02/24/2023,75.42,81.77
02/17/2023,78.51,84.17
02/10/2023,77.51,83.3
02/3/2023,76.51,81.87
01/27/2023,80.33,85.9
01/20/2023,80.34,84.57
01/13/2023,77.1,80.61
01/6/2023,74.27,77.2
12/30/2022,79.23,81.83
12/23/2022,77.28,80.68
12/16/2022,75.12,80.8
12/9/2022,73.06,78.56
12/2/2022,79.29,85.03
11/25/2022,78.74,86.4
11/18/2022,84.02,92.09
11/11/2022,88.41,96.08
11/4/2022,89.14,95.86
10/28/2022,87.87,93.01
10/21/2022,85.36,91.04
10/14/2022,88.97,94.62
10/7/2022,88.22,94.66
09/30/2022,80.08,87.28
09/23/2022,83.46,88.54
09/16/2022,87.24,91.41
09/9/2022,85.29,90.43
09/2/2022,90.79,95.31
08/26/2022,94.47,98.87
08/19/2022,91.81,96.73
08/12/2022,94.65,104.64
08/5/2022,94.01,102.54
07/29/2022,99.6,109.28
07/22/2022,102.24,113.53
07/15/2022,99.92,109.8
07/8/2022,103.32,113.64
07/1/2022,110.96,120.34
06/24/2022,107.88,116.83
06/17/2022,116.46,125.08
06/10/2022,120.43,127.4
06/3/2022,116.37,124.11
05/27/2022,113.38,117.66
05/20/2022,112.18,112.93
05/13/2022,105,107.43
05/6/2022,106.69,110.36
04/29/2022,102.85,103.92
04/22/2022,104.02,105.72
04/15/2022,101.46,105.42
04/8/2022,99.21,103.33
04/1/2022,103.89,111.26
03/25/2022,113.69,123.6
03/18/2022,100.43,109.59
03/11/2022,113.39,122.29
03/4/2022,106.8,114.43
02/25/2022,92.18,99.36
02/18/2022,92.89,97.8
02/11/2022,90.61,96.43
02/4/2022,89.6,92.77
01/28/2022,86.94,90.12
01/21/2022,85.93,89.16
01/14/2022,81.52,85.07
01/7/2022,77.86,80.5
12/31/2021,76.05,78.16
12/24/2021,71.63,73.91
12/17/2021,71.18,73.76
12/10/2021,71.31,74.79
12/3/2021,66.89,71
11/26/2021,77.79,80.24
11/19/2021,78.99,81.63
11/12/2021,81.93,83.39
11/5/2021,81.79,82.52
10/29/2021,83.84,84.12
10/22/2021,83.48,84.98
10/15/2021,81.18,83.87
10/8/2021,78.5,82.01
10/1/2021,75.45,78.44
09/24/2021,72.18,75.32
09/17/2021,71.69,74.13
09/10/2021,68.98,72.01
09/3/2021,69.15,73.02
08/27/2021,67.59,71.02
08/20/2021,65.05,68.08
08/13/2021,68.33,71.09
08/6/2021,69.5,72.26
07/30/2021,72.75,75.75
07/23/2021,69.68,72.2
07/16/2021,73.19,75.8
07/9/2021,73.35,76.13
07/2/2021,74.07,76.26
06/25/2021,73.48,75.41
06/18/2021,71.55,73.11
06/11/2021,70.11,71.46
06/4/2021,68.74,70.66
05/28/2021,66.4,69.02
05/21/2021,64.11,67.48
05/14/2021,65.07,68.73
05/7/2021,65.1,68.99
04/30/2021,63.47,66.96
04/23/2021,62.18,65.34
04/16/2021,61.93,64.69
04/9/2021,59.35,61.83
04/2/2021,60.66,63.68
03/26/2021,59.95,62.51
03/19/2021,63.22,66.11
03/12/2021,65.02,68.15
03/5/2021,62.29,65.94
02/26/2021,62.3,65.86
02/19/2021,60.17,63.9
02/12/2021,58.54,61.13
02/5/2021,55.39,58.22
01/29/2021,52.52,55.18
01/22/2021,52.82,55.23
01/15/2021,52.75,55.38
01/8/2021,50.09,53.31
01/1/2021,47.98,50.82
12/25/2020,47.73,50.61
12/18/2020,47.97,51.05
12/11/2020,46.04,49.32
12/4/2020,45.37,47.83
11/27/2020,44.4,46.43
11/20/2020,41.52,43.01
11/13/2020,40.66,41.87
11/6/2020,37.71,38.64
10/30/2020,37.32,37.91
10/23/2020,40.43,41
10/16/2020,40.33,41.32
10/9/2020,40.19,41.06
10/2/2020,38.99,39.99
09/25/2020,39.78,40.89
09/18/2020,39.55,40.77
09/11/2020,37.38,39.45
09/4/2020,41.84,43.06
08/28/2020,42.93,45.26
08/21/2020,42.73,44.79
08/14/2020,42.08,44.54
08/7/2020,41.57,44.36
07/31/2020,40.69,43.22
07/24/2020,41.34,43.57
07/17/2020,40.57,43.4
07/10/2020,40.44,43.06
07/3/2020,39.85,42.3
06/26/2020,39.22,41.69
06/19/2020,38.35,40.95
06/12/2020,37.87,39.52
06/5/2020,37.32,38.37
05/29/2020,34.19,33.7
05/22/2020,33.1,33.94
05/15/2020,26.4,28.18
05/8/2020,23.46,23.57
05/1/2020,15.71,17.05
04/24/2020,3.32,14.24
04/17/2020,20.12,20
04/10/2020,24.41,22.53
04/3/2020,21.69,18.72
03/27/2020,19.44,23.96
03/20/2020,24.19,25.65
03/13/2020,32.39,33.72
03/6/2020,45.57,50.7
02/28/2020,48.36,54.09
02/21/2020,53.14,58.61
02/14/2020,50.83,55.33
02/7/2020,50.36,54.59
01/31/2020,52.69,58.57
01/24/2020,56.15,62.2
01/17/2020,58.29,64.11
01/10/2020,60.84,67.93
01/3/2020,61.74,68.05
12/27/2019,61.29,68.73
12/20/2019,60.75,68.9
12/13/2019,59.25,66.5
12/6/2019,57.64,64.71
11/29/2019,58.07,64.74
11/22/2019,56.9,63.76
11/15/2019,56.85,62.56
11/8/2019,56.69,62.39
11/1/2019,55.17,60.23
10/25/2019,55.2,60.75
10/18/2019,53.49,59.32
10/11/2019,53.27,59.39
10/4/2019,53.12,59.22
09/27/2019,56.9,63.15
09/20/2019,59.33,65.56
09/13/2019,56.16,62.74
09/6/2019,55.73,60.23
08/30/2019,55.21,59.83
08/23/2019,55.5,59.57
08/16/2019,55.31,58.25
08/9/2019,53.28,57.33
08/2/2019,56.55,62.59
07/26/2019,56.05,62.8
07/19/2019,56.74,63.63
07/12/2019,59.02,65.98
07/5/2019,57.32,63.84
06/28/2019,58.38,66.51
06/21/2019,54.75,64.04
06/14/2019,52.52,63.19
06/7/2019,52.97,63.15
05/31/2019,56.93,69.29
05/24/2019,60.72,70.89
05/17/2019,62.1,73.32
05/10/2019,61.81,71.25
05/3/2019,62.9,71.59
04/26/2019,65.28,72.93
04/19/2019,63.8,70.87
04/12/2019,64.1,71.33
04/5/2019,62.36,69.54
03/29/2019,59.49,67.25
03/22/2019,59.44,67.34
03/15/2019,57.81,65.71
03/8/2019,56.35,64.73
03/1/2019,56.12,64.56
02/22/2019,56.74,66.58
02/15/2019,53.88,63.36
02/8/2019,53.53,61.71
02/1/2019,53.63,61.38
01/25/2019,52.88,61.34
01/18/2019,51.92,59.83
01/11/2019,50.78,58.64
01/4/2019,47,54.31
12/28/2018,45.22,51.03
12/21/2018,46.98,54.64
12/14/2018,51.54,59.51
12/7/2018,52.63,60.47
11/30/2018,51.01,58.65
11/23/2018,54.99,61.22
11/16/2018,56.92,66.21
11/9/2018,61.57,70.34
11/2/2018,65.06,74.09
10/26/2018,67.43,78.23
10/19/2018,70.24,80.41
10/12/2018,72.96,83.05
10/5/2018,75.13,85.44
09/28/2018,72.84,81.85
09/21/2018,70.28,78.97
09/14/2018,68.96,78.11
09/7/2018,68.51,76.64
08/31/2018,69.66,76.08
08/24/2018,68.1,72.77
08/17/2018,66.15,69.82
08/10/2018,67.9,71.42
08/3/2018,69.46,73.37
07/27/2018,70.01,74
07/20/2018,68.95,71.27
07/13/2018,71.96,75.29
07/6/2018,73.73,76.33
06/29/2018,74.03,75.24
06/22/2018,66.32,74.12
06/15/2018,66.21,74.26
06/8/2018,65.35,73.98
06/1/2018,66.96,75.35
05/25/2018,70.98,78.59
05/18/2018,71.3,78.75
05/11/2018,70.56,76.68
05/4/2018,68.38,74.42
04/27/2018,67.91,74.98
04/20/2018,67.55,73.39
04/13/2018,66.02,71.24
04/6/2018,63.07,67.03
03/30/2018,64.97,68.65
03/23/2018,64.11,67.4
03/16/2018,61.28,64.14
03/9/2018,61.65,65.12
03/2/2018,62.07,66.02
02/23/2018,62.47,65.52
02/16/2018,60.56,62.72
02/9/2018,62.01,65.5
02/2/2018,65.32,68
01/26/2018,65.14,70.04
01/19/2018,63.77,69.39
01/12/2018,63.26,69.47
01/5/2018,61.36,67.81
12/29/2017,59.88,66.52
12/22/2017,57.87,64.36
12/15/2017,57.17,64.35
12/8/2017,56.92,63.08
12/1/2017,57.81,63.73
11/24/2017,57.47,62.68
11/17/2017,55.81,61.52
11/10/2017,57.05,64.29
11/3/2017,54.59,61.04
10/27/2017,52.51,58.58
10/20/2017,51.74,57.78
10/13/2017,50.77,56.21
10/6/2017,50.23,56.08
09/29/2017,51.77,58.75
09/22/2017,50.12,57.03
09/15/2017,49.07,55.54
09/8/2017,48.58,53.88
09/1/2017,46.68,52.25
08/25/2017,47.68,52.03
08/18/2017,47.52,50.58
08/11/2017,49.08,51.96
08/4/2017,49.52,52.04
07/28/2017,48.27,49.95
07/21/2017,46.41,47.99
07/14/2017,45.51,47.1
07/7/2017,44.96,48.17
06/30/2017,44.63,46.16
06/23/2017,43.09,44.63
06/16/2017,45.3,46.18
06/9/2017,46.57,47.28
06/2/2017,48.48,50.23
05/26/2017,50.21,52.58
05/19/2017,49.24,51.75
05/12/2017,47.04,48
05/5/2017,47.21,48.7
04/28/2017,49.12,49.55
04/21/2017,51.09,52.08
04/14/2017,53.19,54.83
04/7/2017,51.26,53.28
03/31/2017,49.14,51.33
03/24/2017,47.28,50.1
03/17/2017,48.03,50.29
03/10/2017,50.5,52.78
03/3/2017,53.56,54.4
02/24/2017,54.03,55.4
02/17/2017,53.22,54.46
02/10/2017,52.88,54.48
02/3/2017,53.33,55.53
01/27/2017,52.74,54.91
01/20/2017,51.82,54.19
01/13/2017,52.07,54.02
01/6/2017,53.34,55.13
12/30/2016,53.6,54.96
12/23/2016,51.95,53.81
12/16/2016,51.91,53.26
12/9/2016,50.97,52.26
12/2/2016,48.63,48.78
11/25/2016,47.25,46.49
11/18/2016,45.15,44.01
11/11/2016,44.61,43.09
11/4/2016,45.51,44.63
10/28/2016,49.36,48.95
10/21/2016,50.56,50.33
10/14/2016,50.29,49.94
10/7/2016,49.48,49.52
09/30/2016,46.55,46.74
09/23/2016,44.59,46.24
09/16/2016,44.34,46.21
09/9/2016,45.96,47.51
09/2/2016,45.11,47.31
08/26/2016,47.05,48.65
08/19/2016,47.16,48.6
08/12/2016,43.11,43.63
08/5/2016,40.82,40.88
07/29/2016,41.83,42.55
07/22/2016,44.44,45.22
07/15/2016,45.6,45.54
07/8/2016,46.17,45.96
07/1/2016,48.17,47.09
06/24/2016,48.71,48.12
06/17/2016,47.89,47.39
06/10/2016,50.18,49.94
06/3/2016,49,48.91
05/27/2016,48.72,48.73
05/20/2016,47.99,48.34
05/13/2016,45.44,45.2
05/6/2016,44.22,44.2
04/29/2016,44.3,44.46
04/22/2016,41.86,43.04
04/15/2016,41.23,42.35
04/8/2016,36.72,37.51
04/1/2016,36.82,37
03/25/2016,39.45,39.41
03/18/2016,38.32,38.5
03/11/2016,37.69,39.3
03/4/2016,34.43,36.28
02/26/2016,31.32,33.12
02/19/2016,30.02,32.29
02/12/2016,28.14,30.41
02/5/2016,31.26,32.18
01/29/2016,31.81,31.75
01/22/2016,29.19,27.76
01/15/2016,30.59,29.1
01/8/2016,34.65,34.19
01/1/2016,36.99,36.55
12/25/2015,36.26,35.9
12/18/2015,35.78,36.84
12/11/2015,36.93,38.76
12/4/2015,40.4,42.41
11/27/2015,40.49,43.65
11/20/2015,40.62,41.54
11/13/2015,42.7,44.75
11/6/2015,45.98,47.23
10/30/2015,44.99,47.15
10/23/2015,45.16,46.81
10/16/2015,46.82,48.99
10/9/2015,48.36,51.33
10/2/2015,45,46.99
09/25/2015,45.57,47.33
09/18/2015,45.48,47.34
09/11/2015,45.16,47.6
09/4/2015,46.73,48.87
08/28/2015,40.73,43.53
08/21/2015,41.34,46
08/14/2015,43.2,47.94
08/7/2015,44.94,48.59
07/31/2015,47.91,54.14
07/24/2015,49.21,55.75
07/17/2015,51.68,57.17
07/10/2015,52.38,56.63
07/3/2015,57.92,60.36
06/26/2015,60.01,60.84
06/19/2015,59.89,60.65
06/12/2015,60.07,63.24
06/5/2015,59.66,61.9
05/29/2015,58.19,61.57
05/22/2015,58.95,64.31
05/15/2015,60.01,64.9
05/8/2015,59.73,65.01
05/1/2015,57.98,63.49
04/24/2015,56.14,61.41
04/17/2015,54.78,59.12
04/10/2015,51.78,56.51
04/3/2015,48.91,54.79
03/27/2015,48.68,55.01
03/20/2015,44.39,52.72
03/13/2015,47.69,56.51
03/6/2015,50.38,60.12
02/27/2015,49.16,60.63
02/20/2015,51.69,60.57
02/13/2015,51.14,56.57
02/6/2015,50.58,54.62
01/30/2015,45.32,46.76
01/23/2015,46.46,46.44
01/16/2015,47.07,46.58
01/9/2015,48.77,49.47
01/2/2015,53.44,56.03
12/26/2014,55.58,58.69
12/19/2014,55.89,59.77
12/12/2014,61.14,64.08
12/5/2014,67.18,69.72
11/28/2014,72.36,76.63
11/21/2014,75.38,77.62
11/14/2014,76.5,79.9
11/7/2014,78.24,83.04
10/31/2014,81.29,85.56
10/24/2014,82.12,85.58
10/17/2014,82.88,85.5
10/10/2014,87.63,90.19
10/3/2014,91.44,93.41
09/26/2014,93.15,95.01
09/19/2014,93.52,97.02
09/12/2014,92.43,97.32
09/5/2014,94.06,100.45
08/29/2014,96.25,100.64
08/22/2014,94.95,99.88
08/15/2014,97.17,101.94
08/8/2014,97.5,103.6
08/1/2014,102.19,105.71
07/25/2014,104.35,106.34
07/18/2014,102.37,105.39
07/11/2014,103.25,107.03
07/4/2014,105.52,110.26
06/27/2014,106.69,113.09
06/20/2014,107.23,114.29
06/13/2014,105.97,110.98
06/6/2014,103.23,108.98
05/30/2014,103.95,109.62
05/23/2014,103.82,110.72
05/16/2014,101.92,109.53
05/9/2014,100.29,108.48
05/2/2014,100.51,109.15
04/25/2014,102.11,109.21
04/18/2014,103.95,109.07
04/11/2014,102.72,106.51
04/4/2014,100.46,105.26
03/28/2014,100.66,106.54
03/21/2014,99.77,106.53
03/14/2014,99.55,108.01
03/7/2014,103.07,109.14
02/28/2014,102.77,109.17
02/21/2014,102.93,109.74
02/14/2014,100.21,109.12
02/7/2014,97.78,107.73
01/31/2014,97.29,108.83
01/24/2014,96.19,109.14
01/17/2014,92.98,107.83
01/10/2014,92.42,107.01
01/3/2014,96.47,108.73
12/27/2013,99.15,111.72
12/20/2013,97.85,110.34
12/13/2013,97.23,109.1
12/6/2013,96.21,112.28
11/29/2013,92.97,111.32
11/22/2013,93.92,109.32
11/15/2013,93.94,107.1
11/8/2013,94.31,104.54
11/1/2013,96.94,107.61
10/25/2013,97.57,107.82
10/18/2013,101.51,110.11
10/11/2013,102.7,110.3
10/4/2013,103.14,108.63
09/27/2013,103.1,108.8
09/20/2013,106.22,109.98
09/13/2013,108.36,113.22
09/6/2013,108.77,116.03
08/30/2013,108.33,115.32
08/23/2013,105.48,111.12
08/16/2013,106.97,110.73
08/9/2013,105.17,108.56
08/2/2013,105.54,108.61
07/26/2013,105.88,108.4
07/19/2013,106.88,109.41
07/12/2013,104.7,108.26
07/5/2013,100.65,105.18
06/28/2013,95.83,101.43
06/21/2013,96.65,103.93
06/14/2013,96.36,103.39
06/7/2013,94.25,102.92
05/31/2013,93.32,102.03
05/24/2013,94.76,102.3
05/17/2013,94.65,102.91
05/10/2013,95.84,103.77
05/3/2013,93.4,101.53
04/26/2013,91,100.61
04/19/2013,88,98.09
04/12/2013,93.36,103.25
04/5/2013,95.07,107.06
03/29/2013,96.08,107.68
03/22/2013,93.05,107.33
03/15/2013,92.7,108.41
03/8/2013,91,109.98
03/1/2013,92.19,112.42
02/22/2013,94.38,115.3
02/15/2013,96.95,118.1
02/8/2013,96.18,117.15
02/1/2013,97.33,115.13
01/25/2013,95.41,113.72
01/18/2013,94.58,111.35
01/11/2013,93.38,112.37
01/4/2013,92.77,112.35
12/28/2012,90.14,109.81
12/21/2012,88.24,109.79
12/14/2012,85.71,109.1
12/7/2012,87,109.08
11/30/2012,87.27,109.82
11/23/2012,87.4,110.26
11/16/2012,85.87,109.12
11/9/2012,85.98,107.78
11/2/2012,85.87,108.85
10/26/2012,86.35,108.27
10/19/2012,91.59,113.59
10/12/2012,91.42,114.88
10/5/2012,90.81,111.41
09/28/2012,91.35,110.35
09/21/2012,93.7,111.83
09/14/2012,97.56,115.41
09/7/2012,95.68,114.11
08/31/2012,95.68,113.02
08/24/2012,96.22,116.1
08/17/2012,94.43,115.04
08/10/2012,93.14,112.49
08/3/2012,89.1,107.27
07/27/2012,88.88,104.18
07/20/2012,90.34,105.4
07/13/2012,85.78,99.88
07/6/2012,85.74,98.8
06/29/2012,80.23,91.23
06/22/2012,81.11,92.46
06/15/2012,83.27,97.21
06/8/2012,84.43,99.03
06/1/2012,87.06,103.47
05/25/2012,90.88,108.14
05/18/2012,93.11,109.87
05/11/2012,96.98,111.78
05/4/2012,103.47,116.67
04/27/2012,103.78,118.1
04/20/2012,103.15,117.18
04/13/2012,102.55,120.87
04/6/2012,103.52,124.18
03/30/2012,105.12,124.43
03/23/2012,106.41,124.35
03/16/2012,106.15,126.22
03/9/2012,106.32,126.62
03/2/2012,107.52,124.88
02/24/2012,107.18,123.34
02/17/2012,101.73,119.79
02/10/2012,98.56,117.21
02/3/2012,97.8,111.2
01/27/2012,99.35,109.18
01/20/2012,99.95,109.6
01/13/2012,100.43,111.78
01/6/2012,102.39,112.51
12/30/2011,99.81,107.51
12/23/2011,97.74,107.72
12/16/2011,96.06,106.26
12/9/2011,100.08,109.31
12/2/2011,99.91,110.05
11/25/2011,96.89,106.67
11/18/2011,99.32,110.69
11/11/2011,96.97,114.68
11/4/2011,93.24,109.84
10/28/2011,92.32,111.33
10/21/2011,86.82,111.47
10/14/2011,85.35,111.59
10/7/2011,79.43,104.03
09/30/2011,81.18,107.69
09/23/2011,83.65,111.98
09/16/2011,88.93,114.98
09/9/2011,87.91,115.97
09/2/2011,88.07,116.11
08/26/2011,85.06,111.06
08/19/2011,85.36,109.54
08/12/2011,82.86,105.3
08/5/2011,90.85,112.65
07/29/2011,97.83,117.7
07/22/2011,98.01,118.2
07/15/2011,96.72,117.72
07/8/2011,97.12,115.39
07/1/2011,93.7,109.03
06/24/2011,92.7,110.18
06/17/2011,95.87,116.79
06/10/2011,100.05,117.73
06/3/2011,100.92,115.68
05/27/2011,99.55,113.41
05/20/2011,97.99,112.02
05/13/2011,99.87,114.53
05/6/2011,105.84,119.56
04/29/2011,112.3,125.36
04/22/2011,109.11,122.74
04/15/2011,107.75,123.57
04/8/2011,109.29,123.03
04/1/2011,105.08,116.49
03/25/2011,104.41,115.41
03/18/2011,99.79,112.67
03/11/2011,103.74,114.45
03/4/2011,101.05,114.53
02/25/2011,95.26,110.49
02/18/2011,84.13,102.81
02/11/2011,85.51,99.9
02/4/2011,89.52,100.36
01/28/2011,86.11,96.62
01/21/2011,89.75,97.34
01/14/2011,91.02,97.09
01/7/2011,89.54,94.72
12/31/2010,90.97,93.17
12/24/2010,89.66,92.9
12/17/2010,88.27,90.91
12/10/2010,88.5,90.25
12/3/2010,86.75,88.1
11/26/2010,82.28,83.51
11/19/2010,82.23,83.94
11/12/2010,86.91,87.43
11/5/2010,84.93,85.6
10/29/2010,82.03,82.25
10/22/2010,81.15,81.43
10/15/2010,82.16,83.11
10/8/2010,82.29,83.87
10/1/2010,78.41,79.82
09/24/2010,73.76,78.38
09/17/2010,75.62,78.44
09/10/2010,74.82,77.17
09/3/2010,74.02,75.41
08/27/2010,72.91,72.82
08/20/2010,74.84,74.94
08/13/2010,78.17,78.21
08/6/2010,81.79,82.69
07/30/2010,78.12,77.24
07/23/2010,77.56,76.64
07/16/2010,76.35,75.7
07/9/2010,74.39,73.95
07/2/2010,74.96,73.86
06/25/2010,77.06,76.64
06/18/2010,76.7,76.22
06/11/2010,73.44,72.76
06/4/2010,72.91,72.71
05/28/2010,70.62,70.79
05/21/2010,69.14,72.17
05/14/2010,74.98,78.32
05/7/2010,80.24,82.5
04/30/2010,84.22,85.98
04/23/2010,82.9,84.61
04/16/2010,84.34,85.23
04/9/2010,85.66,83.88
04/2/2010,83.01,80.59
03/26/2010,80.65,78.38
03/19/2010,81.44,79.05
03/12/2010,81.76,79.36
03/5/2010,80.19,77.86
02/26/2010,79.22,76.23
02/19/2010,78.25,75.8
02/12/2010,73.88,70.85
02/5/2010,74.57,72.54
01/29/2010,73.94,71.88
01/22/2010,76.62,74.28
01/15/2010,80.06,78.31
01/8/2010,82.34,79.82
01/1/2010,79.07,77.19
12/25/2009,74.76,73.35
12/18/2009,71.72,71.8
12/11/2009,71.51,73.14
12/4/2009,76.81,77.78
11/27/2009,76.14,76.52
11/20/2009,78.37,77.04
11/13/2009,78.24,76.25
11/6/2009,79,76.6
10/30/2009,78.47,76.07
10/23/2009,80.06,77.24
10/16/2009,75.73,72.29
10/9/2009,70.8,67.87
10/2/2009,68.84,65.9
09/25/2009,68.33,66.96
09/18/2009,71.32,68.85
09/11/2009,70.91,69.17
09/4/2009,68.39,67.6
08/28/2009,72.37,72.33
08/21/2009,70.8,71.52
08/14/2009,69.64,72.9
08/7/2009,71.58,73.99
07/31/2009,67.03,68.6
07/24/2009,65.28,66.56
07/17/2009,61.29,61.11
07/10/2009,61.48,60.39
07/3/2009,69.32,68.03
06/26/2009,68.58,67.58
06/19/2009,70.62,69.68
06/12/2009,70.85,69.88
06/5/2009,68.11,67.17
05/29/2009,64.32,62.2
05/22/2009,60.32,57.89
05/15/2009,57.94,56.39
05/8/2009,55.96,54.83
05/1/2009,50.2,49.92
04/24/2009,47.8,48.97
04/17/2009,49.86,51.59
04/10/2009,50.46,51.48
04/3/2009,50.34,48.49
03/27/2009,52.99,51.46
03/20/2009,49.49,46.43
03/13/2009,45.66,43.98
03/6/2009,43.18,43.86
02/27/2009,41.1,42.68
02/20/2009,37.15,40.91
02/13/2009,36.94,45.59
02/6/2009,40.78,43.64
01/30/2009,42.7,44.2
01/23/2009,42.15,41.67
01/16/2009,36.73,42.38
01/9/2009,44.46,45.25
01/2/2009,42.4,37.04
12/26/2008,32.98,35.38
12/19/2008,39.7,41.71
12/12/2008,44.57,41.01
12/5/2008,45.6,43.7
11/28/2008,53.27,48.53
11/21/2008,52.26,47.79
11/14/2008,58.6,53.27
11/7/2008,64.31,59.43
10/31/2008,65.21,60.61
10/24/2008,68.56,64.4
10/17/2008,75.19,69.28
10/10/2008,86.24,80.98
10/3/2008,96.59,91.9
09/26/2008,111.12,100.91
09/19/2008,97.19,89.35
09/12/2008,102.88,97.28
09/5/2008,108.37,103.69
08/29/2008,116.09,112.4
08/22/2008,115.7,111.66
08/15/2008,114.4,110.16
08/8/2008,118.8,116.56
08/1/2008,124.57,124.43
07/25/2008,125.92,126.7
07/18/2008,135.37,135.05
07/11/2008,139.95,137.43
07/4/2008,142.52,141.07
06/27/2008,137,135.54
06/20/2008,134.34,132.08
06/13/2008,134.8,134.12
06/6/2008,128.16,126.33
05/30/2008,128.47,128.76
05/23/2008,130.14,126.47
05/16/2008,124.96,122.58
05/9/2008,123.01,119.84
05/2/2008,115.42,111.98
04/25/2008,118.53,114.34
04/18/2008,114.33,110.42
04/11/2008,109.71,106.6
04/4/2008,103.46,100.88
03/28/2008,104.49,102.05
03/21/2008,105.28,103.05
03/14/2008,109.35,107.69
03/7/2008,103.44,101.9
02/29/2008,100.84,99.1
02/22/2008,99.61,97.13
02/15/2008,94.13,94.98
02/8/2008,89.08,89.88
02/1/2008,91.14,91.77
01/25/2008,89.41,88.46
01/18/2008,91.51,90.03
01/11/2008,94.76,94.4
01/4/2008,98.17,96.5
12/28/2007,95.64,94.39
12/21/2007,91.16,90.82
12/14/2007,91.18,90.24
12/7/2007,88.71,89.09
11/30/2007,92.47,92.16
11/23/2007,97.93,94.01
11/16/2007,93.56,90.74
11/9/2007,95.81,93.54
11/2/2007,93.46,90.42
10/26/2007,89.23,83.72
10/19/2007,87.8,84.29
10/12/2007,81.46,78.85
10/5/2007,80.59,77.98
09/28/2007,81.7,78.15
09/21/2007,82.26,78.17
09/14/2007,78.95,76.89
09/7/2007,75.96,75.06
08/31/2007,72.93,70.55
08/24/2007,70.19,68.44
08/17/2007,72.05,70.09
08/10/2007,71.92,70.7
08/3/2007,76.75,76.34
07/27/2007,75.15,76.66
07/20/2007,74.92,78.24
07/13/2007,72.79,77.76
07/6/2007,71.78,74.79
06/29/2007,69.13,71.76
06/22/2007,68.78,71.78
06/15/2007,66.62,69.89
06/8/2007,65.9,71.23
06/1/2007,63.94,68.45
05/25/2007,64.89,70.65
05/18/2007,63.61,67.55
05/11/2007,61.9,63.91
05/4/2007,63.82,66.04
04/27/2007,65.26,67.39
04/20/2007,63.06,66.21
04/13/2007,62.58,68.2
04/6/2007,64.82,68.55
03/30/2007,64.18,66.1
03/23/2007,58.26,61.09
03/16/2007,57.94,60.87
03/9/2007,60.85,60.35
03/2/2007,61.64,60.62
02/23/2007,59.57,58.16
02/16/2007,58.41,55.54
02/9/2007,58.99,57.9
02/2/2007,57.11,55.92
01/26/2007,53.57,54.87
01/19/2007,51.51,51.4
01/12/2007,54.11,51.79
01/5/2007,57.76,55.63
12/29/2006,60.66,59.69
12/22/2006,62.4,62.44
12/15/2006,61.91,62.56
12/8/2006,62.32,63.63
12/1/2006,62.02,62.59
11/24/2006,57.24,59.2
11/17/2006,57.56,57.85
11/10/2006,59.96,58.02
11/3/2006,58.55,56.48
10/27/2006,58.88,57.73
10/20/2006,58.48,58.51
10/13/2006,58.58,58.33
10/6/2006,59.77,57.15
09/29/2006,61.94,58.76
09/22/2006,61.4,60.23
09/15/2006,63.98,61.38
09/8/2006,67.53,65.76
09/1/2006,70.01,68.35
08/25/2006,72.12,71.92
08/18/2006,71.79,72.35
08/11/2006,75.63,76.98
08/4/2006,75.2,76.32
07/28/2006,73.87,73.53
07/21/2006,73.98,73.52
07/14/2006,75.21,73.99
07/7/2006,74.65,73.45
06/30/2006,72.65,71.82
06/23/2006,69.94,68.33
06/16/2006,69.48,66.17
06/9/2006,71.54,67.89
06/2/2006,71.53,68.75
05/26/2006,70.35,68.47
05/19/2006,69.07,67.84
05/12/2006,71.5,70.44
05/5/2006,72.14,72.92
04/28/2006,70.38,72.84
04/21/2006,71.87,72.54
04/14/2006,68.85,68.91
04/7/2006,66.56,66.93
03/31/2006,65.67,64.76
03/24/2006,61.36,61.61
03/17/2006,62.64,62.42
03/10/2006,60.89,59.5
03/3/2006,62.27,61.06
02/24/2006,59.93,59.39
02/17/2006,59.37,58.04
02/10/2006,63.06,61.23
02/3/2006,66.59,64
01/27/2006,66.82,63.77
01/20/2006,66.79,63.54
01/13/2006,63.74,62.18
01/6/2006,63.39,61.72
12/30/2005,59.82,57.38
12/23/2005,57.97,56.36
12/16/2005,60.32,58.75
12/9/2005,59.83,56.07
12/2/2005,57.78,53.59
11/25/2005,58.13,53.57
11/18/2005,57,53.77
11/11/2005,58.8,56.79
11/4/2005,60.34,58.74
10/28/2005,61.33,58.5
10/21/2005,62.28,58.15
10/14/2005,62.87,58.59
10/7/2005,63.06,58.93
09/30/2005,66.06,62.16
09/23/2005,66.43,63.63
09/16/2005,63.84,61.22
09/9/2005,64.81,63.24
09/2/2005,68.47,66.09
08/26/2005,66.34,65.68
08/19/2005,64.92,64.23
08/12/2005,64.85,64.46
08/5/2005,61.64,60.42
07/29/2005,59.39,58.5
07/22/2005,57.3,56.39
07/15/2005,59.18,57.43
07/8/2005,60.36,57.98
07/1/2005,58.21,56.69
06/24/2005,59.04,56.95
06/17/2005,56.18,54.17
06/10/2005,53.74,51.9
06/3/2005,53.76,50.46
05/27/2005,50.15,48.59
05/20/2005,47.77,46.98
05/13/2005,50.33,48.7
05/6/2005,50.64,50.05
04/29/2005,52,51.64
04/22/2005,52.39,51.23
04/15/2005,51.44,50.43
04/8/2005,55.24,53.79
04/1/2005,54.97,52.23
03/25/2005,52.95,53.76
03/18/2005,55.93,54.85
03/11/2005,54.22,53.09
03/4/2005,52.74,51.33
02/25/2005,51.75,48.23
02/18/2005,47.82,45.22
02/11/2005,46.08,43.29
02/4/2005,46.97,44.04
01/28/2005,48.56,45.82
01/21/2005,47.85,45.08
01/14/2005,46.79,44.59
01/7/2005,44.07,42.07
12/31/2004,42.52,39.79
12/24/2004,44.39,41.15
12/17/2004,43.5,39.98
12/10/2004,41.91,37.6
12/3/2004,46.06,41.31
11/26/2004,48.79,42.78
11/19/2004,47.02,40.63
11/12/2004,48,42.83
11/5/2004,49.81,45.78
10/29/2004,53.43,50.15
10/22/2004,54.43,50.5
10/15/2004,54.12,50.96
10/8/2004,51.77,48.09
10/1/2004,49.71,47.11
09/24/2004,47.82,45.3
09/17/2004,44.39,41.55
09/10/2004,43.33,40.6
09/3/2004,43.28,41
08/27/2004,44.34,42.23
08/20/2004,47.28,44.56
08/13/2004,45.24,43.16
08/6/2004,43.81,42.01
07/30/2004,42.5,40.66
07/23/2004,41.27,39.05
07/16/2004,40.33,37.76
07/9/2004,39.73,36.51
07/2/2004,37.14,34
06/25/2004,37.7,34.71
06/18/2004,37.86,35.09
06/11/2004,37.99,35.34
06/4/2004,40.01,37.25
05/28/2004,40.65,37.95
05/21/2004,40.84,38.43
05/14/2004,40.37,37.62
05/7/2004,39.24,36.38
04/30/2004,37.31,34.64
04/23/2004,37.32,33.7
04/16/2004,37.39,33.95
04/9/2004,35.7,32.75
04/2/2004,35.23,32.23
03/26/2004,36.65,33.59
03/19/2004,37.78,34.56
03/12/2004,36.44,33.36
03/5/2004,36.67,33.73
02/27/2004,36.08,32.27
02/20/2004,35.54,31.39
02/13/2004,33.88,30.12
02/6/2004,33.41,29.66
01/30/2004,33.61,30.39
01/23/2004,35.45,31.88
01/16/2004,34.51,31.7
01/9/2004,33.89,31.5
01/2/2004,32.68,29.78
12/26/2003,32.24,28.84
12/19/2003,33.2,30.87
12/12/2003,32.16,30.17
12/5/2003,30.63,28.93
11/28/2003,30.11,28.34
11/21/2003,32.58,29.61
11/14/2003,31.56,29.01
11/7/2003,29.79,28.05
10/31/2003,29.28,28.46
10/24/2003,30.17,29.66
10/17/2003,31.49,31
10/10/2003,30.69,29.88
10/3/2003,29.43,28.38
09/26/2003,27.73,26.49
09/19/2003,27.39,25.9
09/12/2003,28.92,27.57
09/5/2003,29.2,28.16
08/29/2003,31.56,30.12
08/22/2003,31.19,29.7
08/15/2003,31.31,29.6
08/8/2003,32.11,30.19
08/1/2003,30.73,28.52
07/25/2003,30.61,28.02
07/18/2003,31.48,28.74
07/11/2003,30.73,28.42
07/4/2003,30.31,28.4
06/27/2003,30.01,27.19
06/20/2003,30.6,26.88
06/13/2003,31.46,28.38
06/6/2003,30.68,27.92
05/30/2003,29.1,26.56
05/23/2003,29.29,27.19
05/16/2003,28.54,26.21
05/9/2003,26.58,24.31
05/2/2003,25.69,23.55
04/25/2003,28.43,24.66
04/18/2003,29.28,24.92
04/11/2003,28.03,24.96
04/4/2003,29.33,26.93
03/28/2003,30.43,26.95
03/21/2003,30.46,28.18
03/14/2003,36.66,33.72
03/7/2003,36.98,34.11
02/28/2003,36.98,33.72
02/21/2003,36.78,33
02/14/2003,35.79,32.79
02/7/2003,33.95,31.58
01/31/2003,33.19,31.2
01/24/2003,34.46,31.81
01/17/2003,33.04,31.48
01/10/2003,31.54,30.37
01/3/2003,31.96,30.97
12/27/2002,32.38,31.01
12/20/2002,30.35,29.56
12/13/2002,27.82,26.84
12/6/2002,27.14,25.91
11/29/2002,26.83,25.19
11/22/2002,26.98,24.16
11/15/2002,25.68,23.4
11/8/2002,25.97,24.3
11/1/2002,27.03,25.55
10/25/2002,27.88,26.62
10/18/2002,29.65,28.45
10/11/2002,29.37,28.17
10/4/2002,30.25,28.89
09/27/2002,30.63,29.17
09/20/2002,29.39,28.32
09/13/2002,29.59,28.51
09/6/2002,28.65,27.45
08/30/2002,28.84,27.53
08/23/2002,30.09,27.58
08/16/2002,28.52,26.44
08/9/2002,26.77,25.52
08/2/2002,26.87,25.68
07/26/2002,26.64,25.45
07/19/2002,27.62,26.28
07/12/2002,26.7,25.55
07/5/2002,26.81,25.63
06/28/2002,26.52,25.16
06/21/2002,25.61,24.55
06/14/2002,24.94,23.2
06/7/2002,25.01,22.99
05/31/2002,25.22,24
05/24/2002,27.18,24.61
05/17/2002,28.43,26.35
05/10/2002,27.27,26.15
05/3/2002,26.88,26.41
04/26/2002,26.46,26.24
04/19/2002,25.54,24.89
04/12/2002,25.24,24.89
04/5/2002,26.99,26.42
03/29/2002,25.86,25.03
03/22/2002,25.25,24.43
03/15/2002,24.4,23.42
03/8/2002,23.31,22.27
03/1/2002,21.43,20.6
02/22/2002,20.7,20.02
02/15/2002,21.18,20.99
02/8/2002,19.97,19.91
02/1/2002,19.71,19.3
01/25/2002,19.21,18.77
01/18/2002,18.61,18.52
01/11/2002,20.54,20.42
01/4/2002,20.8,20.29
12/28/2001,20.94,19.1
12/21/2001,19.2,18.74
12/14/2001,18.45,18.02
12/7/2001,19.47,18.99
11/30/2001,19.13,18.8
11/23/2001,18.28,18.57
11/16/2001,19.61,18.42
11/9/2001,20.7,19.31
11/2/2001,21.17,19.72
10/26/2001,21.78,20.46
10/19/2001,21.92,19.88
10/12/2001,22.66,20.91
10/5/2001,22.6,21.11
09/28/2001,22.35,20.95
09/21/2001,27.09,26.41
09/14/2001,28.22,28.47
09/7/2001,27.38,26.64
08/31/2001,26.84,26.57
08/24/2001,27.25,25.48
08/17/2001,27.52,25.41
08/10/2001,27.87,25.6
08/3/2001,27.1,24.83
07/27/2001,26.5,24.69
07/20/2001,25.26,23.47
07/13/2001,27.07,24.47
07/6/2001,26.87,25.9
06/29/2001,26.37,26.63
06/22/2001,27.09,26.82
06/15/2001,28.9,28.87
06/8/2001,27.98,28.87
06/1/2001,28.44,28.86
05/25/2001,28.92,29.31
05/18/2001,29.08,28.34
05/11/2001,28.12,27.77
05/4/2001,28.36,27.28
04/27/2001,26.99,26.05
04/20/2001,27.89,26.27
04/13/2001,28.27,26
04/6/2001,26.76,24
03/30/2001,26.86,24.04
03/23/2001,26.42,23.48
03/16/2001,27.02,24.33
03/9/2001,28.45,25.93
03/2/2001,27.91,25.26
02/23/2001,28.65,26.29
02/16/2001,29.67,27.63
02/9/2001,30.92,29.62
02/2/2001,29.59,27.19
01/26/2001,31.35,27.15
01/19/2001,30.63,25.37
01/12/2001,28.81,25.02
01/5/2001,27.8,24.05
12/29/2000,26.52,22.48
12/22/2000,27.38,23.48
12/15/2000,29.05,25.94
12/8/2000,29.69,28.28
12/1/2000,34.1,32.53
11/24/2000,35.91,33.46
11/17/2000,35,33.32
11/10/2000,33.46,31.59
11/3/2000,32.78,30.9
10/27/2000,33.92,31.35
10/20/2000,33.48,30.97
10/13/2000,33.9,31.83
10/6/2000,31.27,29.83
09/29/2000,31.13,29.41
09/22/2000,35.49,33.09
09/15/2000,34.7,33.26
09/8/2000,34.42,36.43
09/1/2000,33.08,34.32
08/25/2000,32.46,31.77
08/18/2000,31.82,30.07
08/11/2000,30.14,28.34
08/4/2000,28.5,26.48
07/28/2000,28.02,26.02
07/21/2000,30.65,27.95
07/14/2000,30.44,30.53
07/7/2000,30.4,30.9
06/30/2000,32.12,31.03
06/23/2000,33.55,29.78
06/16/2000,32.45,29.81
06/9/2000,29.79,28.67
06/2/2000,29.98,29.64
05/26/2000,29.46,29.05
05/19/2000,29.88,28.67
05/12/2000,28.7,26.9
05/5/2000,26.75,24.96
04/28/2000,25.95,23.28
04/21/2000,26.66,22.99
04/14/2000,24.87,21.66
04/7/2000,25.6,23.28
03/31/2000,26.92,24.33
03/24/2000,27.99,25.47
03/17/2000,31.29,28.39
03/10/2000,32.14,30.3
03/3/2000,31.07,29.49
02/25/2000,30.1,27.76
02/18/2000,29.87,27.81
02/11/2000,28.83,27.63
02/4/2000,28.08,27.33
01/28/2000,28.34,26.99
01/21/2000,29.37,26.38
01/14/2000,26.27,24.34
01/7/2000,24.95,23.64
12/31/1999,26.34,25.28
12/24/1999,26.07,25.41
12/17/1999,26.2,25.44
12/10/1999,26.19,25.74
12/3/1999,25.46,25.35
11/26/1999,27.35,25.82
11/19/1999,26.05,25.19
11/12/1999,24.22,24.77
11/5/1999,22.72,22.22
10/29/1999,22.5,21.82
10/22/1999,22.65,21.79
10/15/1999,22.54,21.78
10/8/1999,22.72,22.42
10/1/1999,24.58,23.25
09/24/1999,24.53,23.02
09/17/1999,24.28,23.08
09/10/1999,23,21.94
09/3/1999,21.88,20.9
08/27/1999,21.21,20.25
08/20/1999,21.62,20.8
08/13/1999,21.44,20.21
08/6/1999,20.54,19.44
07/30/1999,20.62,19.76
07/23/1999,19.89,19.28
07/16/1999,20.21,19.25
07/9/1999,19.87,18.62
07/2/1999,19.04,16.88
06/25/1999,18.05,16.03
06/18/1999,18.21,16.12
06/11/1999,17.96,16.13
06/4/1999,16.77,14.49
05/28/1999,17.07,14.9
05/21/1999,17.18,14.55
05/14/1999,18,15.22
05/7/1999,18.62,16.48
04/30/1999,18.23,16.18
04/23/1999,17.93,16.07
04/16/1999,16.77,14.7
04/9/1999,16.45,14.13
04/2/1999,16.61,14.62
03/26/1999,15.55,13.57
03/19/1999,14.91,12.75
03/12/1999,14.19,11.67
03/5/1999,12.9,10.79
02/26/1999,12.36,10.58
02/19/1999,11.66,10.07
02/12/1999,11.81,9.88
02/5/1999,12.16,10.52
01/29/1999,12.46,11.11
01/22/1999,12.26,11.04
01/15/1999,12.62,11.36
01/8/1999,12.67,10.94
01/1/1999,11.83,10.41
12/25/1998,11,9.78
12/18/1998,11.5,9.89
12/11/1998,11.16,9.44
12/4/1998,11.28,9.85
11/27/1998,11.62,10.56
11/20/1998,12.4,10.56
11/13/1998,13.63,11.36
11/6/1998,14.13,11.9
10/30/1998,14.34,12.35
10/23/1998,13.81,11.74
10/16/1998,14.21,12.45
10/9/1998,15.02,13.61
10/2/1998,15.83,14.43
09/25/1998,15.78,14.55
09/18/1998,14.88,12.92
09/11/1998,14.45,12.61
09/4/1998,13.98,12.42
08/28/1998,13.65,12.16
08/21/1998,13.33,12
08/14/1998,13.12,11.39
08/7/1998,13.83,12.1
07/31/1998,14.24,12.61
07/24/1998,13.89,12.12
07/17/1998,14.48,12.04
07/10/1998,13.94,11.66
07/3/1998,14.41,11.87
06/26/1998,14.17,11.96
06/19/1998,12.04,10.92
06/12/1998,13.42,12.46
06/5/1998,15.02,13.63
05/29/1998,14.99,14.45
05/22/1998,13.91,14.56
05/15/1998,15.03,14.39
05/8/1998,15.48,13.95
05/1/1998,15.71,14
04/24/1998,14.5,13.64
04/17/1998,15.53,13.55
04/10/1998,15.55,12.99
04/3/1998,15.98,13.79
03/27/1998,16.42,14.61
03/20/1998,14.04,11.95
03/13/1998,14.4,12.31
03/6/1998,15.23,13.13
02/27/1998,15.3,13.32
02/20/1998,16.03,13.68
02/13/1998,16.25,14.36
02/6/1998,16.65,14.92
01/30/1998,17.3,15.61
01/23/1998,16.02,14.72
01/16/1998,16.47,14.92
01/9/1998,16.83,15.38
01/2/1998,17.58,16
12/26/1997,18.31,17.06
12/19/1997,18.31,17.04
12/12/1997,18.44,17.32
12/5/1997,18.69,17.92
11/28/1997,19.3,18.85
11/21/1997,19.81,19.2
11/14/1997,20.66,19.59
11/7/1997,20.65,19.14
10/31/1997,20.92,19.27
10/24/1997,21,19.56
10/17/1997,21.03,19.55
10/10/1997,22.01,20.75
10/3/1997,21.62,20.14
09/26/1997,20.12,18.83
09/19/1997,19.44,18.22
09/12/1997,19.44,18.11
09/5/1997,19.61,18.1
08/29/1997,19.5,17.83
08/22/1997,19.92,18.6
08/15/1997,19.99,18.63
08/8/1997,20.35,19.17
08/1/1997,20.13,18.96
07/25/1997,19.52,18.57
07/18/1997,19.49,18.26
07/11/1997,19.44,18.17
07/4/1997,19.95,18.41
06/27/1997,19,17.74
06/20/1997,18.93,17.27
06/13/1997,18.88,16.88
06/6/1997,20.12,18.3
05/30/1997,20.9,19.15
05/23/1997,21.43,19.91
05/16/1997,21.45,19.42
05/9/1997,19.94,18.06
05/2/1997,19.99,18.08
04/25/1997,19.85,17.76
04/18/1997,19.65,17.33
04/11/1997,19.38,17.14
04/4/1997,19.76,17.84
03/28/1997,20.83,18.73
03/21/1997,21.72,19.51
03/14/1997,20.64,19.1
03/7/1997,20.77,19.36
02/28/1997,20.83,19.83
02/21/1997,22.18,20.54
02/14/1997,22.21,20.83
02/7/1997,23.49,22.53
01/31/1997,24.24,22.98
01/24/1997,24.4,22.9
01/17/1997,25.42,23.23
01/10/1997,26.3,24.67
01/3/1997,25.59,24.12
12/27/1996,25.44,23.57
12/20/1996,26.02,23.97
12/13/1996,24.2,23.27
12/6/1996,25.14,24.18
11/29/1996,24.21,23.05
11/22/1996,24.03,23.21
11/15/1996,23.9,22.88
11/8/1996,22.92,21.99
11/1/1996,23.91,23.2
10/25/1996,25.15,24.7
10/18/1996,25.45,24.77
10/11/1996,24.93,24.18
10/4/1996,24.44,23.59
09/27/1996,24.33,22.85
09/20/1996,23.52,22.11
09/13/1996,24.42,23.08
09/6/1996,23.48,22.18
08/30/1996,21.82,20.78
08/23/1996,22.5,21.15
08/16/1996,22.25,20.95
08/9/1996,21.35,19.73
08/2/1996,20.66,19.07
07/26/1996,20.96,19.3
07/19/1996,21.8,19.93
07/12/1996,21.65,19.8
07/5/1996,21.4,19.62
06/28/1996,20.55,18.8
06/21/1996,20.95,18.56
06/14/1996,20.15,18.16
06/7/1996,20.04,18.31
05/31/1996,20.37,18.67
05/24/1996,22.24,19.2
05/17/1996,21.06,19.06
05/10/1996,20.98,19.63
05/3/1996,21.16,19.47
04/26/1996,23.8,20.28
04/19/1996,24.34,20.52
04/12/1996,23.95,22.67
04/5/1996,22.49,20.94
03/29/1996,22.03,20.98
03/22/1996,23.16,20.55
03/15/1996,20.8,19.3
03/8/1996,19.72,18.84
03/1/1996,19.49,18.77
02/23/1996,21.45,18.79
02/16/1996,18.8,17.98
02/9/1996,17.72,16.99
02/2/1996,17.64,16.64
01/26/1996,18.35,17.19
01/19/1996,18.64,17.61
01/12/1996,19.43,18.53
01/5/1996,19.99,19.18
12/29/1995,19.44,18.72
12/22/1995,19.12,18.14
12/15/1995,19.02,17.78
12/8/1995,18.74,17.53
12/1/1995,18.32,17.21
11/24/1995,17.99,16.82
11/17/1995,18.06,16.75
11/10/1995,17.76,16.79
11/3/1995,17.79,16.65
10/27/1995,17.56,16.12
10/20/1995,17.51,15.96
10/13/1995,17.28,15.98
10/6/1995,17.29,16.23
09/29/1995,17.55,16.37
09/22/1995,18.32,16.89
09/15/1995,18.72,16.94
09/8/1995,18.37,16.69
09/1/1995,17.88,16.22
08/25/1995,19.02,16.29
08/18/1995,17.6,15.89
08/11/1995,17.81,16.07
08/4/1995,17.72,16.02
07/28/1995,17.41,15.75
07/21/1995,17.21,15.65
07/14/1995,17.34,15.92
07/7/1995,17.28,16.11
06/30/1995,17.71,16.64
06/23/1995,17.88,16.67
06/16/1995,18.91,17.76
06/9/1995,19.05,17.98
06/2/1995,18.92,17.65
05/26/1995,19.37,18.24
05/19/1995,19.98,18.42
05/12/1995,19.74,18.26
05/5/1995,20.24,18.81
04/28/1995,20.29,19.07
04/21/1995,20.26,18.9
04/14/1995,19.53,18.37
04/7/1995,19.43,18.24
03/31/1995,19.12,17.94
03/24/1995,18.69,17.17
03/17/1995,18.13,16.41
03/10/1995,18.27,16.7
03/3/1995,18.5,16.93
02/24/1995,18.75,17.18
02/17/1995,18.55,17.1
02/10/1995,18.42,16.97
02/3/1995,18.5,16.99
01/27/1995,18.34,16.85
01/20/1995,18.45,16.88
01/13/1995,17.55,16.23
01/6/1995,17.62,16.07
12/30/1994,17.71,16.19
12/23/1994,17.1,15.62
12/16/1994,16.86,15.72
12/9/1994,16.99,16
12/2/1994,17.78,16.85
11/25/1994,17.73,17.06
11/18/1994,17.51,16.8
11/11/1994,18.25,17.46
11/4/1994,18.69,17.58
10/28/1994,17.93,16.82
10/21/1994,17.35,16.21
10/14/1994,17.37,16.07
10/7/1994,18.13,16.72
09/30/1994,17.83,16.35
09/23/1994,17.38,15.85
09/16/1994,16.93,15.45
09/9/1994,17.65,15.91
09/2/1994,17.52,15.93
08/26/1994,17.23,15.59
08/19/1994,17.85,16.43
08/12/1994,18.88,17.51
08/5/1994,20.09,18.44
07/29/1994,19.66,17.82
07/22/1994,19.39,17.42
07/15/1994,20.16,18.09
07/8/1994,19.39,17.06
07/1/1994,19.16,17.34
06/24/1994,19.8,17.44
06/17/1994,19.61,16.67
06/10/1994,18.26,16.06
06/3/1994,18.24,16.27
05/27/1994,18.14,16.35
05/20/1994,18.21,16.08
05/13/1994,17.93,16.29
05/6/1994,17.2,16
04/29/1994,16.93,15.84
04/22/1994,17.02,15.56
04/15/1994,16.07,15.01
04/8/1994,15.65,14.34
04/1/1994,14.44,13.4
03/25/1994,15.15,14.59
03/18/1994,14.82,14.18
03/11/1994,14.24,13.3
03/4/1994,14.68,13.5
02/25/1994,14.44,13.24
02/18/1994,14.13,13.18
02/11/1994,14.87,13.91
02/4/1994,15.76,15.13
01/28/1994,15.34,14.64
01/21/1994,15.02,14.22
01/14/1994,14.67,14
01/7/1994,15.03,14.18
12/31/1993,14.21,13.17
12/24/1993,14.4,13.52
12/17/1993,14.31,13.99
12/10/1993,14.68,13.73
12/3/1993,15.21,14.16
11/26/1993,16.08,14.87
11/19/1993,16.75,15.36
11/12/1993,16.71,15.22
11/5/1993,17.29,15.76
10/29/1993,17.37,15.86
10/22/1993,18.12,16.61
10/15/1993,18.57,16.96
10/8/1993,18.46,16.9
10/1/1993,18.33,16.72
09/24/1993,17.67,16.03
09/17/1993,16.94,15.47
09/10/1993,16.96,15.78
09/3/1993,18.1,16.53
08/27/1993,18.49,16.85
08/20/1993,17.84,16.72
08/13/1993,17.87,16.61
08/6/1993,17.67,16.6
07/30/1993,18.18,16.95
07/23/1993,17.54,16.68
07/16/1993,17.72,16.66
07/9/1993,18.02,16.8
07/2/1993,18.61,17.15
06/25/1993,18.52,17.2
06/18/1993,18.76,17.31
06/11/1993,19.43,18.06
06/4/1993,19.95,18.34
05/28/1993,19.84,18.25
05/21/1993,19.43,18.15
05/14/1993,20.06,18.76
05/7/1993,20.47,18.97
04/30/1993,20.3,18.67
04/23/1993,19.95,18.56
04/16/1993,20.28,18.67
04/9/1993,20.37,18.71
04/2/1993,20.44,18.73
03/26/1993,20,18.42
03/19/1993,20.14,18.66
03/12/1993,20.45,19.02
03/5/1993,20.69,19.15
02/26/1993,20.4,18.81
02/19/1993,19.51,18.05
02/12/1993,20.13,18.45
02/5/1993,20.22,18.58
01/29/1993,19.9,18
01/22/1993,18.61,16.98
01/15/1993,18.62,17.05
01/8/1993,19,17.51
01/1/1993,19.63,17.87
12/25/1992,19.91,18.23
12/18/1992,19.38,18.04
12/11/1992,19.01,18.12
12/4/1992,19.38,18.57
11/27/1992,20.16,19.12
11/20/1992,20.35,19.28
11/13/1992,20.37,19.25
11/6/1992,20.52,19.19
10/30/1992,20.95,19.55
10/23/1992,21.58,20.37
10/16/1992,22.25,20.76
10/9/1992,21.9,20.33
10/2/1992,21.81,20.26
09/25/1992,21.71,20.35
09/18/1992,22.21,20.45
09/11/1992,21.94,20.28
09/4/1992,21.66,19.9
08/28/1992,21.43,19.62
08/21/1992,21.39,19.79
08/14/1992,21.18,19.68
08/7/1992,21.34,19.88
07/31/1992,21.95,20.58
07/24/1992,21.95,20.26
07/17/1992,21.58,20.02
07/10/1992,21.48,19.95
07/3/1992,22.03,20.62
06/26/1992,22.68,21.31
06/19/1992,22.26,21.16
06/12/1992,22.35,21.21
06/5/1992,22.38,21.08
05/29/1992,21.98,20.68
05/22/1992,20.49,19.49
05/15/1992,20.8,19.79
05/8/1992,20.86,19.76
05/1/1992,20.63,19.37
04/24/1992,20.06,18.86
04/17/1992,20.06,18.86
04/10/1992,20.43,19.01
04/3/1992,19.73,18.52
03/27/1992,19.09,17.75
03/20/1992,19.1,17.73
03/13/1992,18.76,17.4
03/6/1992,18.55,17.28
02/28/1992,18.51,17.42
02/21/1992,18.62,17.74
02/14/1992,19.49,18.58
02/7/1992,19.42,18.47
01/31/1992,19.05,18.28
01/24/1992,18.66,18.11
01/17/1992,18.81,18.37
01/10/1992,18.41,17.77
01/3/1992,19.11,18.18
12/27/1991,18.68,17.73
12/20/1991,19.2,18.31
12/13/1991,19.64,18.45
12/6/1991,20.55,19.24
11/29/1991,21.49,19.85
11/22/1991,22.04,20.76
11/15/1991,22.57,21.36
11/8/1991,23.47,22.18
11/1/1991,23.32,22.05
10/25/1991,23.46,22.54
10/18/1991,23.82,22.75
10/11/1991,23.08,22.11
10/4/1991,22.41,21.49
09/27/1991,22.24,20.94
09/20/1991,21.85,20.47
09/13/1991,21.54,20.08
09/6/1991,21.84,20.34
08/30/1991,21.98,20.17
08/23/1991,21.99,20.09
08/16/1991,21.44,19.39
08/9/1991,21.5,19.52
08/2/1991,21.46,19.57
07/26/1991,21.4,19.66
07/19/1991,21.91,20.02
07/12/1991,21.43,19.24
07/5/1991,20.8,18.55
06/28/1991,20.21,18.2
06/21/1991,20.08,18.06
06/14/1991,19.84,17.86
06/7/1991,20.63,18.55
05/31/1991,21.21,18.87
05/24/1991,21.04,18.82
05/17/1991,20.95,18.9
05/10/1991,21.69,19.81
05/3/1991,21.23,19.72
04/26/1991,21.19,19.63
04/19/1991,21.48,19.71
04/12/1991,20.89,19.17
04/5/1991,19.63,17.95
03/29/1991,19.58,18.28
03/22/1991,20.3,18.8
03/15/1991,19.89,19.28
03/8/1991,19.86,19.77
03/1/1991,18.73,18.66
02/22/1991,19.38,18.13
02/15/1991,22.12,20.44
02/8/1991,21.3,20.63
02/1/1991,21.41,20.72
01/25/1991,24.08,20.77
01/18/1991,26.85,25.86
01/11/1991,27.55,25.33
01/4/1991,26.38,26.07
12/28/1990,27.21,27.47
12/21/1990,27.56,27.67
12/14/1990,26.39,28.06
12/7/1990,27.72,29.72
11/30/1990,32.32,33.98
11/23/1990,30.69,31.01
11/16/1990,31.5,32.24
11/9/1990,33.89,34.13
11/2/1990,34.95,35.03
10/26/1990,31.32,30.63
10/19/1990,36.84,36.28
10/12/1990,39.88,40.27
10/5/1990,36.64,37.64
09/28/1990,39.16,40.79
09/21/1990,34.21,35.71
09/14/1990,30.99,32.01
09/7/1990,29.67,31.09
08/31/1990,27.13,27.65
08/24/1990,30.08,30.48
08/17/1990,27.27,27.18
08/10/1990,27.32,26.4
08/3/1990,21.98,20.9
07/27/1990,19.89,18.91
07/20/1990,18.83,17.77
07/13/1990,17.64,15.83
07/6/1990,16.68,15.39
06/29/1990,16.84,15.52
06/22/1990,15.9,14.9
06/15/1990,17.11,15.01
06/8/1990,16.77,14.93
06/1/1990,17.72,15.55
05/25/1990,16.83,16.12
05/18/1990,19.19,17.24
05/11/1990,18.71,16.34
05/4/1990,18.37,16.17
04/27/1990,18.2,16.65
04/20/1990,17.6,15.88
04/13/1990,17.96,15.89
04/6/1990,19.83,17.8
03/30/1990,20.26,18.04
03/23/1990,19.73,17.81
03/16/1990,20.19,18.41
03/9/1990,21.01,18.94
03/2/1990,21.51,19.17
02/23/1990,21.81,19.45
02/16/1990,22.27,19.82
02/9/1990,22.23,20.26
02/2/1990,22.7,20.65
01/26/1990,23.08,20.49
01/19/1990,22.71,21.05
01/12/1990,22.62,21.67
01/5/1990,23.29,22.37
12/29/1989,21.78,20.93
12/22/1989,21.76,20.22
12/15/1989,20.81,19.62
12/8/1989,20.36,19.24
12/1/1989,19.7,18.41
11/24/1989,20.02,18.59
11/17/1989,19.74,18.72
11/10/1989,19.89,18.93
11/3/1989,19.99,19.07
10/27/1989,19.65,18.75
10/20/1989,20.46,19.37
10/13/1989,20.37,18.9
10/6/1989,20.03,18.59
09/29/1989,19.77,17.72
09/22/1989,19.63,17.83
09/15/1989,19.8,17.94
09/8/1989,19.31,17.66
09/1/1989,18.77,17.15
08/25/1989,18.96,17.02
08/18/1989,18.77,16.93
08/11/1989,18.25,16.54
08/4/1989,18.15,16.24
07/28/1989,18.34,16.7
07/21/1989,20.06,17.95
07/14/1989,20.42,17.72
07/7/1989,20.59,18.38
06/30/1989,20.25,18.18
06/23/1989,19.95,17.24
06/16/1989,19.94,16.9
06/9/1989,20.08,18.19
06/2/1989,19.89,18.05
05/26/1989,20.28,17.82
05/19/1989,20.42,18.9
05/12/1989,19.75,19.04
05/5/1989,20.23,19.28
04/28/1989,20.87,20.84
04/21/1989,22.73,21.09
04/14/1989,20.56,19.8
04/7/1989,20.11,19.56
03/31/1989,20.4,19.91
03/24/1989,20,19.59
03/17/1989,19.71,18.81
03/10/1989,18.5,17.65
03/3/1989,18.4,17.44
02/24/1989,18.46,17.14
02/17/1989,18.08,16.88
02/10/1989,17.39,16.57
02/3/1989,17.41,16.67
01/27/1989,17.85,17.33
01/20/1989,19.05,17.9
01/13/1989,18.06,16.98
01/6/1989,17.35,16.59
12/30/1988,16.99,16.12
12/23/1988,17.04,15.31
12/16/1988,16.31,15.38
12/9/1988,15.61,14.76
12/2/1988,15.33,14.61
11/25/1988,14.43,13.3
11/18/1988,13.75,12.57
11/11/1988,13.93,12.82
11/4/1988,13.75,12.48
10/28/1988,13.44,12.26
10/21/1988,14.76,13.36
10/14/1988,14.08,12.55
10/7/1988,12.85,11.42
09/30/1988,13.94,12.57
09/23/1988,14.9,13.09
09/16/1988,14.75,13.35
09/9/1988,14.4,13.35
09/2/1988,15.13,14.3
08/26/1988,15.54,14.76
08/19/1988,15.58,14.81
08/12/1988,15.67,15.22
08/5/1988,15.45,15.06
07/29/1988,16.14,15.62
07/22/1988,15.86,15.37
07/15/1988,14.64,14.22
07/8/1988,15.45,14.62
07/1/1988,15.47,14.49
06/24/1988,15.95,15.09
06/17/1988,16.58,15.6
06/10/1988,17.15,16.18
06/3/1988,17.55,16.31
05/27/1988,17.29,16.23
05/20/1988,17.53,16.46
05/13/1988,17.51,16.45
05/6/1988,17.34,16.16
04/29/1988,18.25,17.04
04/22/1988,18.16,17.09
04/15/1988,18.15,16.55
04/8/1988,16.89,15.49
04/1/1988,17.07,15.63
03/25/1988,16.58,15.38
03/18/1988,16.08,14.48
03/11/1988,15.74,14.21
03/4/1988,15.64,14.14
02/26/1988,16.33,15.16
02/19/1988,16.7,15.64
02/12/1988,17.24,16.18
02/5/1988,17.08,16.14
01/29/1988,16.92,16.24
01/22/1988,17.2,16.91
01/15/1988,16.79,16.44
01/8/1988,17.6,17.45
01/1/1988,16.78,17.46
12/25/1987,16.23,16.61
12/18/1987,16.35,15.91
12/11/1987,18.34,17.61
12/4/1987,18.62,17.8
11/27/1987,18.83,17.78
11/20/1987,18.6,17.47
11/13/1987,18.88,17.74
11/6/1987,19.17,18.15
10/30/1987,20.03,18.79
10/23/1987,19.98,18.98
10/16/1987,19.82,18.69
10/9/1987,19.65,18.64
10/2/1987,19.64,18.56
09/25/1987,19.57,18.5
09/18/1987,19.63,18.39
09/11/1987,19.38,17.93
09/4/1987,19.56,18.35
08/28/1987,19.42,17.92
08/21/1987,19.61,18.5
08/14/1987,20.8,19.41
08/7/1987,21.52,20.16
07/31/1987,21.25,19.86
07/24/1987,21.5,20.19
07/17/1987,22.03,20.2
07/10/1987,21.06,19.57
07/3/1987,20.46,19.16
06/26/1987,20.21,18.91
06/19/1987,20.38,19.01
06/12/1987,19.88,18.75
06/5/1987,19.73,18.7
05/29/1987,19.34,18.6
05/22/1987,19.85,18.54
05/15/1987,19.52,18.58
05/8/1987,19.14,
05/1/1987,18.76,
04/24/1987,18.94,
04/17/1987,18.3,
04/10/1987,18.6,
04/3/1987,18.77,
03/27/1987,18.59,
03/20/1987,18.72,
03/13/1987,18.31,
03/6/1987,17.47,
02/27/1987,16.75,
02/20/1987,17.63,
02/13/1987,18.14,
02/6/1987,18.45,
01/30/1987,18.62,
01/23/1987,18.68,
01/16/1987,19.04,
01/9/1987,18.38,
01/2/1987,17.86,
12/26/1986,17.05,
12/19/1986,16.23,
12/12/1986,15.34,
12/5/1986,15.2,
11/28/1986,15.01,
11/21/1986,15.4,
11/14/1986,15.45,
11/7/1986,14.98,
10/31/1986,14.53,
10/24/1986,15.01,
10/17/1986,14.69,
10/10/1986,15.16,
10/3/1986,15.02,
09/26/1986,14.3,
09/19/1986,14.23,
09/12/1986,15.13,
09/5/1986,16.07,
08/29/1986,15.77,
08/22/1986,15.3,
08/15/1986,15.39,
08/8/1986,14.63,
08/1/1986,11.45,
07/25/1986,11.31,
07/18/1986,12.17,
07/11/1986,11.13,
07/4/1986,12.23,
06/27/1986,13.56,
06/20/1986,13.82,
06/13/1986,13.21,
06/6/1986,13.25,
05/30/1986,14.64,
05/23/1986,16.37,
05/16/1986,15.74,
05/9/1986,15.08,
05/2/1986,13.76,
04/25/1986,13.44,
04/18/1986,12.16,
04/11/1986,13.46,
04/4/1986,11.44,
03/28/1986,12,
03/21/1986,13.45,
03/14/1986,13.07,
03/7/1986,12.27,
02/28/1986,14.25,
02/21/1986,14.39,
02/14/1986,16.25,
02/7/1986,16.72,
01/31/1986,19.69,
01/24/1986,20.31,
01/17/1986,24.57,
01/10/1986,25.99,
01/3/1986,25.78,